,Gramas,Gramas Español,ODS
0,inovação,innovación,"Industria, innovación e infraestructuras"
3,eletrônico,electrónico,"Industria, innovación e infraestructuras"
7,tecnológico,tecnológico,"Industria, Innovación e Infraestructuras"
8,trabalho,trabaja,Trabajo decente y crecimiento económico
11,financeiros,financiero,"Industria, innovación e infraestructuras"
13,empresas,compañías,"Industria, innovación e infraestructuras"
18,acadêmico,académico,Educación de calidad
19,financeira,financiero,"Industria, innovación e infraestructuras"
20,educação,educación,Educación de calidad
27,tecnologias,tecnologias,"Industria, innovación e infraestructuras"
28,programas,Software,"Industria, innovación e infraestructuras"
29,cooperação,cooperación,Alianzas para lograr los objetivos
30,digital,digital,"Industria, Innovación e Infraestructuras"
32,informação,información,"Industria, innovación e infraestructuras"
34,empregatício,empleo,Trabajo decente y crecimiento económico
35,técnicas,tecnicas,Educación de calidad
39,alunos,estudiantes,Educación de calidad
42,infraestrutura,infraestructura,"Industria, innovación e infraestructuras"
43,consumo,consumo,Producción y consumo responsible
45,industrial,industrial,"Industria, Innovación e Infraestructuras"
48,órgãos,organos,Salud y bienestar
49,doutor,médico,Salud y bienestar
50,água,Agua,Agua limpia y saneamiento
51,ferreira,herrero,Trabajo decente y crecimiento económico
52,economia,economía,Fin de la pobreza
53,produtividade,productividad,"Industria, innovación e infraestructuras"
54,convênio,seguro de salud,Salud y bienestar
55,indústria,industria,"Industria, Innovación e Infraestructuras"
57,tecnológicos,tecnológico,"Industria, Innovación e Infraestructuras"
59,biodiversidade,biodiversidad,Ciudades y comunidades sostenibles
60,health,salud,Salud y bienestar
61,aluno,alumno,Educación de calidad
62,biotecnologia,biotecnología,"Industria, innovación e infraestructuras"
64,estudantes,estudiantes,Educación de calidad
65,ambientais,ambiental,Ciudades y comunidades sostenibles;  Producción y consumo responsible
66,inovadoras,innovador,"Industria, innovación e infraestructuras"
67,acadêmica,académico,Educación de calidad
68,inovadores,innovadores,"Industria, innovación e infraestructuras"
70,patente,patentar,"Industria, innovación e infraestructuras"
71,doenças,enfermedades,Salud y bienestar
72,alimentos,alimentos,Hambre cero
74,inovações,innovaciones,"Industria, innovación e infraestructuras"
76,comércio,negocio,"Industria, innovación e infraestructuras"
77,computação,informática,"Industria, innovación e infraestructuras"
78,escola,colegio,Educación de calidad
79,agricultura,agricultura,"Hambre cero; Ciudades y comunidades sostenibles; Industria, innovación e infraestructuras; Trabajo decente y crecimiento económico; Producción y consumo responsable"
80,empregado,empleado,Trabajo decente y crecimiento económico
83,necessidade,necesidad,Reducción de desigualdades
84,water,agua,Agua limpia y saneamiento
86,animal,animal,Vida de ecosistemas terrestres; Vida submarina
87,alimentação,alimentación,Hambre cero
88,hídricos,agua,Agua limpia y saneamiento
90,salarial,salario,Trabajo decente y crecimiento económico
93,econômicos,económico,Fin de la pobreza
95,sustentabilidade,sustentabilidad,Ciudades y comunidades sostenibles
98,inovadora,innovador,"Industria, innovación e infraestructuras"
99,animais,animales,Vida de ecosistemas terrestres; Vida submarina
103,salários,salario,Trabajo decente y crecimiento económico
104,environment,ambiente,Ciudades y comunidades sostenibles
105,agrárias,agrario,"Hambre cero; Ciudades y comunidades sostenibles; Industria, innovación e infraestructuras; Trabajo decente y crecimiento económico; Producción y consumo responsable"
106,icts,TIC,"Industria, innovación e infraestructuras"
107,industria,industria,"Industria, Innovación e Infraestructuras"
109,docentes,profesores,Trabajo decente y crecimiento económico
111,biológicas,biológico,"Salud y bienestar; Industria, innovación e infraestructuras"
112,necessidades,necesidades,Fin de la pobreza
117,empregados,empleados,Trabajo decente y crecimiento económico
118,mulheres,mujeres,Igualdad de Genero
119,pollutants,contaminantes,Ciudades y comunidades sostenibles
121,leite,Leche,"Industria, Innovación e Infraestructuras"
122,pacientes,pacientes,Salud y bienestar
123,competitividade,competitividad,"Industria, Innovación e Infraestructuras"
125,funcionários,empleados,Trabajo decente y crecimiento económico
126,máquinas,máquinas,"Industria, Innovación e Infraestructuras"
127,comunicações,comunicaciones,"Industria, Innovación e Infraestructuras"
128,produtivo,productivo,"Industria, Innovación e Infraestructuras"
129,saude,Salud,Salud y bienestar
130,alimentar,alimentar,Hambre cero
132,vegetal,vegetal,Hambre cero
133,nutrição,nutrición,Hambre cero
134,nanotecnologia,nanotecnología,"Industria, innovación e infraestructuras"
135,mestre,profesor,Educación de calidad
136,acadêmicos,académica,Educación de calidad
137,agropecuária,agricultura,"Hambre cero; Ciudades y comunidades sostenibles; Industria, innovación e infraestructuras; Trabajo decente y crecimiento económico; Producción y consumo responsable"
138,docente,profesor,Educación de calidad
139,enfermagem,enfermería,Trabajo decente y crecimiento económico
141,universidades,universidades,Educación de calidad
142,estudante,estudiante,Educación de calidad
143,digitais,digital,"Industria, Innovación e Infraestructuras"
144,virtual,virtual,"Industria, Innovación e Infraestructuras"
149,óleo,petróleo,"Industria, Innovación e Infraestructuras"
151,agrícola,agrícola,"Hambre cero; Ciudades y comunidades sostenibles; Industria, innovación e infraestructuras; Trabajo decente y crecimiento económico; Producción y consumo responsable"
152,agronomia,agronomía,"Hambre cero; Ciudades y comunidades sostenibles; Industria, innovación e infraestructuras; Trabajo decente y crecimiento económico; Producción y consumo responsable"
153,industriais,industrial,"Industria, Innovación e Infraestructuras"
154,aquaticpollutants,contaminantes acuáticos,Agua limpia y saneamiento
156,academy,academia,Educación de calidad
157,incubadora,incubadora,"Industria, innovación e infraestructuras"
158,doença,enfermedad,Salud y bienestar
159,águas,aguas,Agua limpia y saneamiento
162,nutricional,nutricional,Hambre cero
163,ecossistema,ecosistema,Acción por el clima; Vida submarina
164,agronegócio,agroindustria,"Hambre cero; Ciudades y comunidades sostenibles; Industria, innovación e infraestructuras; Trabajo decente y crecimiento económico; Producción y consumo responsable"
167,agrícolas,agrícola,"Hambre cero; Ciudades y comunidades sostenibles; Industria, innovación e infraestructuras; Trabajo decente y crecimiento económico; Producción y consumo responsable"
169,uems,OMS,Salud y bienestar
170,biossegurança,bioseguridad,Salud y bienestar
171,conflito,conflicto,"Paz, justicia e instituciones sólidas"
172,technological,tecnológico,"Industria, Innovación e Infraestructuras"
173,climáticas,climático,Acción por el clima
174,universitário,Universidad,Educación de calidad
175,sustentáveis,sostenible,Ciudades y comunidades sostenibles
176,participation,participación,"Paz, justicia e instituciones solidas"
177,digitalmente,digitalmente,"Industria, Innovación e Infraestructuras"
179,empreendimento,empresa,"Industria, Innovación e Infraestructuras"
180,mineral,mineral,"Industria, Innovación e Infraestructuras"
184,sanitária,sanitario,Agua limpia y saneamiento
185,acadêmicas,académico,Educación de calidad
186,universities,universidades,Educación de calidad
187,organismos,organismos,Acción por el clima; Vida submarina
188,células,células,Salud y bienestar
189,energética,energético,Energía asequible y no contaminante
191,robótica,robótica,"Industria, Innovación e Infraestructuras"
192,câncer,cáncer,Salud y bienestar
193,rurais,rural,"Paz, justicia e instituciones sólidas"
194,medicamentos,medicamentos,Salud y bienestar
195,marketing,márketing,"Industria, Innovación e Infraestructuras"
196,incubadoras,incubadoras,"Industria, innovación e infraestructuras"
198,discente,estudiante,Educación de calidad
199,petróleo,Petróleo,"Industria, Innovación e Infraestructuras"
200,educacional,educativo,Educación de calidad
203,minuta,sequía,Acción por el clima
207,antártica,Antártida,Acción por el clima
208,clima,clima,Acción por el clima
209,aquicultura,acuicultura,Ciudades y comunidades sostenibles;  Producción y consumo responsible
210,mídia,medios de comunicación,"Industria, Innovación e Infraestructuras"
211,ecologia,ecología,Acción por el clima
212,biológicos,biológico,"Salud y bienestar; Industria, innovación e infraestructuras"
213,saneamento,saneamiento,Agua limpia y saneamiento
214,technologies,tecnologias,"Industria, innovación e infraestructuras"
215,produtivos,productivo,"Industria, innovación e infraestructuras"
216,auferidos,ganado,"Industria, innovación e infraestructuras"
217,discentes,estudiantes,Educación de calidad
218,vírus,virus,Salud y bienestar
220,environmental,ambiental,Ciudades y comunidades sostenibles;  Producción y consumo responsible
221,energy,energía,Energía asequible y no contaminante
222,sensores,sensores,"Industria, innovación e infraestructuras"
223,renováveis,renovable,Energía asequible y no contaminante
224,agroecologia,agroecologia,"Hambre cero; Ciudades y comunidades sostenibles; Industria, innovación e infraestructuras; Trabajo decente y crecimiento económico; Producción y consumo responsable"
225,arroz,arroz,Hambre cero
226,cultivo,cultivo,"Hambre cero; Ciudades y comunidades sostenibles; Industria, innovación e infraestructuras; Trabajo decente y crecimiento económico; Producción y consumo responsable"
228,luiza,luz,Energía asequible y no contaminante
229,ouvidoria,defensor del pueblo,"Paz, justicia e instituciones sólidas"
230,culturas,culturas,"Paz, justicia e instituciones sólidas"
232,sementes,semillas,Hambre cero
234,violência,violencia,"Paz, justicia e instituciones solidas"
235,incubação,incubación,"Industria, innovación e infraestructuras"
236,discriminação,discriminación,"Paz, justicia e instituciones sólidas; Reducción de desigualdades"
237,biológica,biológico,"Salud y bienestar; Industria, innovación e infraestructuras"
242,pecuária,ganado,"Industria, innovación e infraestructuras"
243,make,fabricar,"Industria, innovación e infraestructuras"
244,universitária,estudiante universitario,Educación de calidad
245,genético,genético,"Industria, innovación e infraestructuras"
246,fármacos,drogas,"Paz, justicia e instituciones sólidas; Salud y bienestar"
247,odontologia,odontología,Salud y bienestar
249,solar,solar,Energía asequible y no contaminante
250,salário,sueldo,Trabajo decente y crecimiento económico
252,pedagogia,pedagogía,Educación de calidad
256,protótipo,prototipo,"Industria, innovación e infraestructuras"
257,products,productos,"Industria, Innovación e Infraestructuras"
258,transportes,transporte,"Industria, innovación e infraestructuras"
259,mineração,minería,"Industria, innovación e infraestructuras"
260,bacias,cuencas,Agua limpia y saneamiento
261,empreendedor,empresario,"Industria, innovación e infraestructuras"
263,extinção,extinción,Vida submarina; Vida de ecosistemas terrestres
264,farmacêuticas,farmacéutico,"Industria, innovación e infraestructuras"
265,florestais,silvicultura,Producción y consumo responsible
266,telecomunicações,telecomunicaciones,"Industria, innovación e infraestructuras"
267,energias,energías,Energía asequible y no contaminante
268,cidadania,ciudadanía,"Paz, justicia e instituciones sólidas"
269,urbano,urbano,"Paz, justicia e instituciones sólidas"
270,inovacao,innovación,"Industria, innovación e infraestructuras"
271,automática,automático,"Industria, innovación e infraestructuras"
272,vulnerabilidade,vulnerabilidad,Reducción de desigualdades;  Fin de la pobreza
273,aguiar,Águila,Vida de ecosistemas terrestres
274,biomassa,biomasa,Ciudades y comunidades sostenibles; Producción y consumo responsible
275,tropical,tropical,Vida de ecosistemas terrestres
276,agricultores,agricultores,"Hambre cero; Ciudades y comunidades sostenibles; Industria, innovación e infraestructuras; Trabajo decente y crecimiento económico; Producción y consumo responsable"
277,infecção,infección,Salud y bienestar
278,students,estudiantes,Educación de calidad
280,desigualdades,desigualdades,Reducción de las desigualdades
281,minerais,minerales,"Industria, innovación e infraestructuras"
282,madeira,madera,"Industria, innovación e infraestructuras"
283,aquatic,acuático,Agua limpia y saneamiento
284,tecnologico,tecnológico,"Industria, Innovación e Infraestructuras"
285,hospital,hospital,Salud y bienestar
286,doutorandos,estudiantes de doctorado,Educación de calidad
287,genéticos,genético,"Industria, innovación e infraestructuras"
288,consumables,consumibles,Producción y consumo responsable
289,marine,marina,Vida submarina
290,orgânicos,orgánico,Producción y consumo responsible;  Salud y bienestar
291,mulher,mujeres,Igualdad de Genero
292,coronavírus,coronavirus,Salud y bienestar
293,químicos,quimicos,"Industria, innovación e infraestructuras"
296,letivo,académico,Educación de calidad
297,microempresas,microempresas,"Industria, innovación e infraestructuras"
298,tecnoldgico,tecnológico,"Industria, Innovación e Infraestructuras"
299,drogas,drogas,"Paz, justicia e instituciones sólidas; Salud y bienestar"
300,coronavirus,coronavirus,Salud y bienestar
301,vulneráveis,vulnerable,Fin de la pobreza
302,serrano,montañoso,Vida de ecosistemas terrestres
303,patenteamento,patentar,"Industria, Innovación e Infraestructuras"
305,pragas,plagas,Producción y consumo responsible
306,nanopartículas,nanopartículas,"Industria, Innovación e Infraestructuras"
307,fruticultura,fruta creciendo,Ciudades y comunidades sostenibles
308,infecções,infecciones,Salud y bienestar
309,antimicrobial,antimicrobiano,Salud y bienestar
310,conflitos,conflictos,"Paz, justicia e instituciones sólidas"
311,vegetais,vegetal,Hambre cero
312,peiex,pescado,Hambre cero
314,cooperativo,cooperativa,"Industria, innovación e infraestructuras"
315,grãos,granos,Producción y consumo responsable
316,hardware,hardware,"Industria, innovación e infraestructuras"
317,therapeutics,terapéutica,Salud y bienestar
318,paciente,paciente,Salud y bienestar
319,investidores,inversionistas,"Industria, innovación e infraestructuras"
322,empreendedora,empresario,"Industria, innovación e infraestructuras"
324,contaminação,Contaminación,Acción por el clima
325,mitigação,mitigación,Acción por el clima
326,farmacêutica,farmacéutico,"Industria, innovación e infraestructuras"
328,ecosystems,ecosistemas,Vida Submarina
329,hospitalar,hospital,Salud y bienestar
330,soja,Soja,Producción y consumo responsable
332,saneador,desinfectante,Salud y bienestar
333,coffee,café,Producción y consumo responsable
334,milho,maíz,Producción y consumo responsable
335,morbimortalidade,morbilidad y mortalidad,Salud y bienestar
336,epidemiológica,epidemiológico,Salud y bienestar
337,pesqueiros,botes de pesca,Producción y consumo responsable
341,comunitária,comunidad,"Paz, justicia e instituciones sólidas"
343,inovagao,innovación,"Industria, innovación e infraestructuras"
344,colegio,colegio,Educación de calidad
345,elétricos,eléctrico,Energía asequible y no contaminante
346,urban,urbano,"Paz, justicia e instituciones sólidas"
348,protótipos,prototipos,"Industria, innovación e infraestructuras"
349,patronais,empleadores,Trabajo decente y crecimiento económico
350,gado,ganado,"Industria, innovación e infraestructuras"
351,agroindústria,agroindustria,"Hambre cero; Ciudades y comunidades sostenibles; Industria, innovación e infraestructuras; Trabajo decente y crecimiento económico; Producción y consumo responsable"
352,pinheiros,Pinos,"Industria, innovación e infraestructuras"
353,bioeconomia,bioeconomía,Ciudades y comunidades sostenibles;  Producción y consumo responsable 
354,mortalidade,mortalidad,Salud y bienestar
356,gurigica,quirúrgico,Salud y bienestar
357,cachoeiro,cascada,Agua limpia y saneamiento
358,frutas,frutas,Producción y consumo responsible
360,maternidade,maternidad,Salud y bienestar
361,aquáticos,acuático,Agua limpia y saneamiento
363,diseases,enfermedades,Salud y bienestar
364,socioambiental,socioambiental,Vida de ecosistemas terrestres;  Vida submarina
365,biológico,biológico,"Salud y bienestar; Industria, innovación e infraestructuras"
367,socioeconômico,socioeconómico,Reducción de desigualdades
369,hidrográficas,hidrográfico,Agua limpia y saneamiento
370,patógenos,patógenos,Salud y bienestar
371,guerra,guerra,"Paz, justicia e instituciones solidas"
374,oceans,océanos,Vida submarina
376,biodiesel,biodiesel,"Industria, innovación e infraestructuras"
378,gender,género,Igualdad de género
379,anticorrupção,anti corrupcion,"Paz, justicia e instituciones solidas"
380,hídrica,agua,Agua limpia y saneamiento
381,agroecológica,agroecológico,"Hambre cero; Ciudades y comunidades sostenibles; Industria, innovación e infraestructuras; Trabajo decente y crecimiento económico; Producción y consumo responsable"
382,agronegócios,agroindustria,"Hambre cero; Ciudades y comunidades sostenibles; Industria, innovación e infraestructuras; Trabajo decente y crecimiento económico; Producción y consumo responsable"
383,rios,ríos,Agua limpia y saneamiento
384,marinhos,marina,Vida submarina
385,animals,animales,Vida de ecosistemas terrestres; Vida submarina
386,poluição,contaminación,Acción por el clima;  Agua limpia y saneamiento;  Ciudades y comunidades sostenibles
388,biomas,biomas,Vida de ecosistemas terrestres;  Vida submarina
389,microrganismos,microorganismos,Vida de ecosistemas terrestres
390,patients,pacientes,Salud y bienestar
392,antártico,antártico,Acción por el clima
393,medicines,medicamentos,Salud y bienestar
394,epidemiológicos,epidemiológico,Salud y bienestar
395,genômica,genómica,"Industria, innovación e infraestructuras"
396,poluentes,contaminantes,Acción por el clima
397,antimicrobianos,antimicrobianos,Salud y bienestar
399,grafeno,grafeno,"Industria, innovación e infraestructuras"
401,socioeconômicos,socioeconómico,Reducción de desigualdades
402,genoma,genoma,"Industria, innovación e infraestructuras"
403,sustainability,sustentabilidad,Ciudades y comunidades sostenibles
404,biocombustíveis,biocombustibles,"Industria, innovación e infraestructuras"
407,industry,industria,"Industria, Innovación e Infraestructuras"
408,educativas,educativo,Educación de calidad
409,ecológicos,ecológico,Vida de ecosistemas terrestres;  Vida submarina
412,commercial,comercial,"Industria, innovación e infraestructuras"
413,enterprise,empresa,"Industria, innovación e infraestructuras"
415,microempresa,microempresa,"Industria, innovación e infraestructuras"
416,tuberculose,tuberculosis,Salud y bienestar
417,acafe,café,Producción y consumo responsible
418,governance,gobernancia,"Paz, justicia e instituciones solidas"
419,microalgas,microalgas,Vida submarina
420,contaminantes,contaminantes,Acción por el clima
421,nutrientes,nutrientes,Hambre cero
423,oceano,Oceano,Vida submarina
424,infecciosas,infeccioso,Salud y bienestar
425,epidemiológicas,epidemiológico,Salud y bienestar
426,nanoestruturados,nanoestructurado,"Industria, innovación e infraestructuras"
427,medicine,medicamento,Salud y bienestar
428,sociossanitária,socio-sanitario,Agua limpia y saneamiento
429,proteínas,proteinas,Hambre cero
430,militares,militar,"Paz, justicia e instituciones sólidas"
433,médico,médico,Salud y bienestar
435,atmosfera,atmósfera,Acción por el clima
437,polímeros,polímeros,"Industria, innovación e infraestructuras"
438,cardiovasculares,cardiovascular,Salud y bienestar
439,olericultura,horticultura,Producción y consumo responsable
440,sustentavel,sostenible,Ciudades y comunidades sostenibles
441,renovável,renovable,Energía asequible y no contaminante
442,biological,biológico,"Salud y bienestar; Industria, innovación e infraestructuras"
444,student,estudiante,Educación de calidad
448,terapias,terapias,Salud y bienestar
449,power,energía,Energía asequible y no contaminante
450,bovino,bovino,"Industria, innovación e infraestructuras"
451,sida,SIDA,Salud y bienestar
453,marinhas,paisajes marinos,Vida submarina
454,nutricionais,nutricional,Hambre cero
455,muller,mujer,Igualdad de Genero
456,terapêuticas,terapéutico,Salud y bienestar
457,biomédica,biomédico,Salud y bienestar
458,hospitais,hospitales,Salud y bienestar
460,desinfecção,desinfección,Salud y bienestar
461,cultivos,cultivos,Producción y consumo responsible
462,empregatícia,empleo,Trabajo decente y crecimiento económico
463,antimicrobiana,antimicrobiano,Salud y bienestar
464,insetos,insectos,Vida de ecosistemas terrestres
465,florestas,bosques,Ciudades y comunidades sostenibles
466,prototipagem,prototipos,"Industria, innovación e infraestructuras"
467,socioeconômicas,socioeconómico,Reducción de desigualdades
468,fibras,fibras,Hambre cero
470,agropecuário,agrícola,"Hambre cero; Ciudades y comunidades sostenibles; Industria, innovación e infraestructuras; Trabajo decente y crecimiento económico; Producción y consumo responsable"
471,energético,energético,Energía asequible y no contaminante
472,biodegradáveis,biodegradable,Producción y consumo responsible
473,aids,SIDA,Salud y bienestar
474,meteorologia,meteorología,Acción por el clima
475,covid,COVID-19,Salud y bienestar
477,vacinas,vacunas,Salud y bienestar
478,pedagógico,pedagógico,Educación de calidad
480,agroquímica,agroquímica,"Hambre cero; Ciudades y comunidades sostenibles; Industria, innovación e infraestructuras; Trabajo decente y crecimiento económico; Producción y consumo responsable"
481,fertilizantes,fertilizantes,Hambre cero
482,leishmaniose,leishmaniasis,Salud y bienestar
483,sensor,sensor,"Industria, innovación e infraestructuras"
484,cirurgia,cirugía,Salud y bienestar
485,escolaridade,enseñanza,Educación de calidad
486,agrária,agrario,"Hambre cero; Ciudades y comunidades sostenibles; Industria, innovación e infraestructuras; Trabajo decente y crecimiento económico; Producción y consumo responsable"
487,agropecuários,agrícola,"Hambre cero; Ciudades y comunidades sostenibles; Industria, innovación e infraestructuras; Trabajo decente y crecimiento económico; Producción y consumo responsable"
488,fisiológicas,fisiológico,Salud y bienestar
489,agricultural,agrícola,"Hambre cero; Ciudades y comunidades sostenibles; Industria, innovación e infraestructuras; Trabajo decente y crecimiento económico; Producción y consumo responsable"
490,fitoterápicos,herbario,Ciudades y comunidades sostenibles
491,pedagógica,pedagógico,Educación de calidad
492,ecológico,ecológico,Vida de ecosistemas terrestres;  Vida submarina
494,alzheimer,alzheimer,Salud y bienestar
495,microbiologia,microbiología,Salud y bienestar
496,metal,metal,"Industria, innovación e infraestructuras"
497,microeletrônica,microelectrónica,"Industria, innovación e infraestructuras"
498,cardiologia,cardiología,Salud y bienestar
500,frutos,frutas,Producción y consumo responsible
501,climática,climático,Acción por el clima
502,pharmacology,farmacología,"Industria, innovación e infraestructuras"
503,indígena,indígena,"Paz, justicia e instituciones sólidas"
504,furto,robo,"Paz, justicia e instituciones solidas"
505,discriminando,discriminante,Reducción de desigualdades
506,robô,robot,"Industria, innovación e infraestructuras"
507,bioenergia,bioenergía,Energía asequible y no contaminante
508,medicinais,medicinal,Salud y bienestar
510,diagnostico,diagnóstico,Salud y bienestar
511,plástico,el plastico,Producción y consumo responsible
512,pobreza,pobreza,Fin de la pobreza
513,competitiva,competitivo,"Industria, innovación e infraestructuras"
517,botânica,botánica,Ciudades y comunidades sostenibles
518,oceanos,océanos,Vida submarina
519,térmica,térmico,"Industria, innovación e infraestructuras"
520,biologicas,biológico,"Salud y bienestar; Industria, innovación e infraestructuras"
521,bioprodutos,bioproductos,"Industria, innovación e infraestructuras"
522,nanomateriais,nanomateriales,"Industria, innovación e infraestructuras"
523,café,café,Producción y consumo responsible
524,tecnología,tecnología,"Industria, innovación e infraestructuras"
525,nutrition,nutrición,Hambre cero
526,microplastics,microplásticos,Ciudades y comunidades sostenibles; Producción y consumo responsible
527,oceânicas,oceánico,Vida submarina
529,empregador,empleador,Trabajo decente y crecimiento económico
531,adubação,fertilizante,Hambre cero
532,higiene,higiene,Agua limpia y saneamiento
533,biotecnológicos,biotecnológico,"Industria, innovación e infraestructuras"
534,antibióticos,antibióticos,Salud y bienestar
535,agriculture,agricultura,"Hambre cero; Ciudades y comunidades sostenibles; Industria, innovación e infraestructuras; Trabajo decente y crecimiento económico; Producción y consumo responsable"
536,nanocompósitos,nanocomposites,"Industria, innovación e infraestructuras"
537,abelhas,abejas,Ciudades y comunidades sostenibles
539,vegetação,vegetación,Vida submarina;  Vida de ecosistemas terrestres 
540,consumidores,consumidores,Producción y consumo responsible
542,contaminants,contaminantes,Acción por el clima
543,toxicidade,toxicidad,Salud y bienestar
544,coopinternacional,cooperativa internacional,Alianzas para lograr los objetivos
546,plásticos,plástica,Producción y consumo responsible
547,biomédicas,biomédico,Salud y bienestar
548,esgoto,alcantarilla,Agua limpia y saneamiento
549,psicossocial,psicosocial,Salud y bienestar
550,biomedicina,biomedicina,Salud y bienestar
551,agroflorestais,agroforestal,"Hambre cero; Ciudades y comunidades sostenibles; Industria, innovación e infraestructuras; Trabajo decente y crecimiento económico; Producción y consumo responsable"
552,sífilis,sífilis,Salud y bienestar
553,employed,empleado,Trabajo decente y crecimiento económico
554,académico,académico,Educación de calidad
556,agroindustrial,agroindustrial,"Hambre cero; Ciudades y comunidades sostenibles; Industria, innovación e infraestructuras; Trabajo decente y crecimiento económico; Producción y consumo responsable"
559,pesqueira,pescar,Producción y consumo responsible
561,fauna,fauna,Vida de ecosistemas terrestres;  Vida submarina
563,herbicidas,herbicidas,"Industria, innovación e infraestructuras"
564,educativos,educativo,Educación de calidad
566,innovación,innovación,"Industria, innovación e infraestructuras"
567,vulnerabilidades,vulnerabilidades,Reducción de desigualdades;  Fin de la pobreza
568,telemedicina,telemedicina,"Industria, innovación e infraestructuras"
569,democratização,democratización,"Paz, justicia e instituciones sólidas"
570,farmacologia,farmacología,"Industria, innovación e infraestructuras"
572,empregadora,empleador,Trabajo decente y crecimiento económico
573,biotecnológico,biotecnología,"Industria, innovación e infraestructuras"
575,healthcare,cuidado de la salud,Salud y bienestar
577,cardiovascular,cardiovascular,Salud y bienestar
578,empreendedoras,emprendedores,"Industria, innovación e infraestructuras"
580,climáticos,climático,Acción por el clima
581,novação,innovación,"Industria, innovación e infraestructuras"
582,recicláveis,reciclables,Ciudades y comunidades sostenibles
583,agricolas,agrícola,"Hambre cero; Ciudades y comunidades sostenibles; Industria, innovación e infraestructuras; Trabajo decente y crecimiento económico; Producción y consumo responsable"
584,homicídios,homicidios,"Paz, justicia e instituciones solidas"
585,environments,ambientes,Ciudades y comunidades sostenibles;  Producción y consumo responsible
586,biomateriais,biomateriales,"Industria, innovación e infraestructuras"
587,medicinal,medicinal,Salud y bienestar
588,innovate,innovar,"Industria, innovación e infraestructuras"
589,innovations,innovaciones,"Industria, innovación e infraestructuras"
590,oceanografia,oceanografía,Vida submarina
591,digitalização,digitalización,"Industria, innovación e infraestructuras"
593,hidrologia,hidrología,Agua limpia y saneamiento
594,odontológica,dental,Salud y bienestar
595,marítima,marítimo,Vida submarina
596,malária,malaria,Salud y bienestar
597,pharmaceutical,farmacéutico,"Industria, innovación e infraestructuras"
602,agronômica,agronomía,"Hambre cero; Ciudades y comunidades sostenibles; Industria, innovación e infraestructuras; Trabajo decente y crecimiento económico; Producción y consumo responsable"
604,competitivas,competitivo,"Industria, innovación e infraestructuras"
605,inflamação,inflamación,Salud y bienestar
606,vitamina,Vitamina,Hambre cero
607,infection,infección,Salud y bienestar
610,oceânica,oceánico,Vida submarina
611,gênica,genético,"Industria, innovación e infraestructuras"
612,meteorológicos,meteorológico,Acción por el clima
613,nanobiotecnologia,nanobiotecnología,"Industria, innovación e infraestructuras"
616,cibernética,cibernética,"Industria, innovación e infraestructuras"
617,epidemiológico,epidemiológico,Salud y bienestar
618,nanotecnologias,nanotecnologías,"Industria, innovación e infraestructuras"
619,mineiros,mineros,"Industria, innovación e infraestructuras"
620,competitiveness,competitividad,"Industria, innovación e infraestructuras"
621,agroescola,agroschool,"Hambre cero; Ciudades y comunidades sostenibles; Industria, innovación e infraestructuras; Trabajo decente y crecimiento económico; Producción y consumo responsable"
622,inflamatórios,inflamatorio,Salud y bienestar
624,infectious,infeccioso,Salud y bienestar
625,microbiota,microbiota,Vida submarina;  Vida de ecosistemas terrestres 
627,agua,Agua,Salud y bienestar
628,farmacêuticos,farmacéuticos,"Industria, innovación e infraestructuras"
629,estudantil,estudiante,Educación de calidad
630,infections,infecciones,Salud y bienestar
633,organic,orgánico,Producción y consumo responsible;  Salud y bienestar
634,cardíaca,cardíaco,Salud y bienestar
635,oceanográficas,oceanográfico,Vida submarina
638,arboviroses,arbovirus,Salud y bienestar
639,interculturalidade,interculturalidad,"Paz, justicia e instituciones solidas"
640,biomedical,biomédico,Salud y bienestar
641,semicondutores,semiconductores,"Industria, innovación e infraestructuras"
642,antibiotic,antibiótico,Salud y bienestar
643,etnia,etnia,"Paz, justicia e instituciones solidas"
644,microplastic,microplástico,Vida de ecosistemas terrestres;  Vida submarina
646,genótipos,genotipos,"Industria, innovación e infraestructuras"
647,migração,migración,"Paz, justicia e instituciones solidas"
649,gestantes,mujeres embarazadas,Salud y bienestar
650,alimentícias,comida,Fin de la pobreza;  Hambre cero
652,piscicultura,piscicultura,Producción y consumo responsable
654,alimento,comida,Fin de la pobreza;  Hambre cero
656,biotechnology,biotecnología,"Industria, innovación e infraestructuras"
662,biodiversa,biodiverso,Vida de ecosistemas terrestres; Vida submarina
663,cooperados,cooperado,Alianzas para lograr los objetivos
664,equality,igualdad,Reducción de las desigualdades
666,sedimentos,sedimentos,Agua limpia y saneamiento
667,algas,algas marinas,Agua limpia y saneamiento
668,sanitárias,Sanitario,Agua limpia y saneamiento
669,democrática,democrático,"Paz, justicia e instituciones sólidas"
670,econémica,económico,Fin de la pobreza
673,pedagógicas,pedagógico,Educación de calidad
674,agrobiodiversidade,agrobiodiversidad,"Hambre cero; Ciudades y comunidades sostenibles; Industria, innovación e infraestructuras; Trabajo decente y crecimiento económico; Producción y consumo responsable"
675,botânicos,botánicos,Vida de ecosistemas terrestres
677,genéticas,genético,"Industria, innovación e infraestructuras"
678,industrialização,industrialización,"Industria, innovación e infraestructuras"
679,antioxidante,antioxidante,Salud y bienestar
682,veiculadas,transmisión,Salud y bienestar
683,congênita,congénito,Salud y bienestar
684,racismo,racismo,Reducción de las desigualdades
685,ocean,Oceano,Vida submarina
686,farmaceutica,farmacéutico,"Industria, innovación e infraestructuras"
687,agroinovação,agroinnovación,"Industria, innovación e infraestructuras"
688,hídrico,agua,Agua limpia y saneamiento
689,employing,empleando,Trabajo decente y crecimiento económico
690,genetic,genético,"Industria, innovación e infraestructuras"
692,hídricas,agua,Agua limpia y saneamiento
693,hidrológicos,hidrológico,Agua limpia y saneamiento
694,agronegécios,agroindustria,"Hambre cero; Ciudades y comunidades sostenibles; Industria, innovación e infraestructuras; Trabajo decente y crecimiento económico; Producción y consumo responsable"
695,mamíferos,mamíferos,Vida submarina
696,socioeconômica,socioeconómico,Reducción de desigualdades
699,degenerativas,degenerativo,Salud y bienestar
700,magnética,magnético,"Industria, innovación e infraestructuras"
706,biomédicos,biomédico,Salud y bienestar
707,recifes,arrecifes,Vida submarina
708,parasitologia,parasitología,Salud y bienestar
709,bambu,bambú,Producción y consumo responsible
712,pescado,pescado,Hambre cero
713,imunologia,inmunología,Salud y bienestar
714,climatologia,climatología,Acción por el clima
715,imigração,inmigración,"Paz, justicia e instituciones sólidas"
716,cultivar,cultivar,Producción y consumo responsable
717,mestrados,maestros,Educación de calidad
718,epidemias,epidemias,Salud y bienestar
719,hidráulico,hidráulico,Agua limpia y saneamiento
720,solares,solar,Energía asequible y no contaminante
721,ecosystem,ecosistema,Vida de ecosistemas terrestres;  Vida submarina
722,antitumoral,antitumoral,Salud y bienestar
724,floricultura,tienda de flores,Producción y consumo responsible
725,vertebrados,vertebrados,Vida submarina;  Vida de ecosistemas terrestres 
727,neurodegenerativas,neurodegenerativo,Salud y bienestar
728,cancer,cáncer,Salud y bienestar
729,horta,Huerta,Hambre cero
730,microempreendedor,microempresario,"Industria, innovación e infraestructuras"
733,pedagógicos,pedagógico,Educación de calidad
734,anticorpos,anticuerpos,Salud y bienestar
735,febre,fiebre,Salud y bienestar
736,fotovoltaica,fotovoltaica,"Energía asequible y no contaminante; Industria, innovación e infraestructuras"
737,virologia,virología,Salud y bienestar
739,criminais,delincuente,"Paz, justicia e instituciones solidas"
740,governadoria,gobernación,"Paz, justicia e instituciones solidas"
741,bioética,bioética,"Ciudades y comunidades sostenibles; Paz, justicia e instituciones sólidas"
742,nanoestruturas,nanoestructuras,"Industria, innovación e infraestructuras"
743,horticultura,horticultura,Producción y consumo responsable
744,inabilitados,discapacitado,Reducción de desigualdades
745,biodivrestore,biodiversidad,Ciudades y comunidades sostenibles
746,comunitários,comunidad,"Paz, justicia e instituciones sólidas"
747,microbiana,microbiano,Salud y bienestar
748,neoplasias,neoplasias,Salud y bienestar
749,antiviral,antivírico,Salud y bienestar
752,plastic,el plastico,Acción por el clima
753,descontaminação,descontaminación,Acción por el clima;  Agua limpia y saneamiento;  Ciudades y comunidades sostenibles
754,penetração,penetración,Igualdad de Genero
755,biopolímeros,biopolímeros,Producción y consumo responsible
756,energéticas,energético,Energía asequible y no contaminante
757,usina,planta de energía,Energía asequible y no contaminante
759,tuberculosis,tuberculosis,Salud y bienestar
760,protestos,protestas,"Paz, justicia e instituciones solidas"
761,aqüíferos,acuíferos,Agua limpia y saneamiento;  Vida submarina
763,aqüicultura,acuicultura,Ciudades y comunidades sostenibles;  Producción y consumo responsible
764,académica,académico,Educación de calidad
765,participativas,participativo,"Paz, justicia e instituciones sólidas"
767,pulmonares,pulmonar,Salud y bienestar
768,pinhalzinho,bosque de pinos,"Industria, innovación e infraestructuras"
769,protese,prótesis,Salud y bienestar
770,farming,agricultura,"Hambre cero; Ciudades y comunidades sostenibles; Industria, innovación e infraestructuras; Trabajo decente y crecimiento económico; Producción y consumo responsable"
774,atmosférica,atmosférico,Acción por el clima
777,biodegradável,biodegradable,Producción y consumo responsible
779,sensorial,sensorial,"Industria, innovación e infraestructuras"
781,poultry,aves de corral,Producción y consumo responsible
783,lubrificantes,lubricantes,"Industria, innovación e infraestructuras"
784,feminismos,feminismos,Igualdad de género
785,sexualidade,sexualidad,Igualdad de género
786,pescadores,pescadores,Vida Submarina
787,turísticos,Turistico,"Industria, innovación e infraestructuras"
788,ameaçadas,amenazado,"Paz, justicia e instituciones solidas"
789,cidacs,los ciudadanos,"Paz, justicia e instituciones solidas"
790,eagle,Águila,Vida de ecosistemas terrestres
791,biomecânica,biomecánica,"Industria, innovación e infraestructuras"
793,cerebrais,cerebral,Salud y bienestar
794,psychology,psicología,Salud y bienestar
795,biotecnológica,biotecnología,"Industria, innovación e infraestructuras"
796,nervoso,nervioso,Salud y bienestar
797,organisms,organismos,Vida de ecosistemas terrestres;  Vida submarina
798,usinas,plantas de energía,Energía asequible y no contaminante
799,vítimas,víctimas,"Paz, justicia e instituciones solidas"
802,árvores,árboles,Vida de ecosistemas terrestres
803,penalmente,criminalmente,"Paz, justicia e instituciones solidas"
805,turísticas,turista,"Industria, innovación e infraestructuras"
806,recycling,reciclaje,Ciudades y comunidades sostenibles
807,entrepreneurship,emprendimiento,"Industria, innovación e infraestructuras"
808,reprodutivos,reproductivo,Salud y bienestar
809,datasets,conjuntos de datos,"Industria, innovación e infraestructuras"
810,entomologia,entomología,Vida de ecosistemas terrestres
811,leishmanioses,leishmaniasis,Salud y bienestar
812,inequalities,desigualdades,Reducción de las desigualdades
813,fisiopatologia,fisiopatología,Salud y bienestar
814,conservation,conservación,Ciudades y comunidades sostenibles
819,leiteiras,lácteos,Salud y bienestar
820,micronutrientes,micronutrientes,Hambre cero
821,microbioma,microbioma,Vida submarina;  Vida de ecosistemas terrestres 
823,abióticos,abióticos,Vida submarina;  Vida de ecosistemas terrestres 
824,transcraniana,transcraneal,Salud y bienestar
825,infravermelho,infrarrojo,"Industria, innovación e infraestructuras"
826,criminalidade,crimen,"Paz, justicia e instituciones solidas"
827,biosegurança,bioseguridad,Salud y bienestar
828,ecológicas,ecológico,Ciudades y comunidades sostenibles
829,inovativo,innovador,"Industria, innovación e infraestructuras"
830,therapy,terapia,Salud y bienestar
831,ecological,ecológico,Ciudades y comunidades sostenibles
834,ecologicamente,ecológicamente,Ciudades y comunidades sostenibles
838,aquícola,acuicultura,Ciudades y comunidades sostenibles;  Producción y consumo responsible
840,farmacológico,farmacológico,Salud y bienestar
841,imunológica,inmunológico,Salud y bienestar
843,climático,climático,Acción por el clima
844,pandemias,pandemias,Salud y bienestar
845,agroecológico,agroecológico,"Hambre cero; Ciudades y comunidades sostenibles; Industria, innovación e infraestructuras; Trabajo decente y crecimiento económico; Producción y consumo responsable"
846,nanocápsulas,nanocápsulas,"Industria, innovación e infraestructuras"
847,botânico,botánico,Ciudades y comunidades sostenibles
848,inflamatórias,inflamatorio,Salud y bienestar
849,anatomia,anatomía,Salud y bienestar
850,patologias,patologias,Salud y bienestar
851,biossensores,biosensores,"Industria, innovación e infraestructuras"
852,pollution,contaminación,Acción por el clima;  Agua limpia y saneamiento;  Ciudades y comunidades sostenibles
853,agroecológicos,agroecológico,"Hambre cero; Ciudades y comunidades sostenibles; Industria, innovación e infraestructuras; Trabajo decente y crecimiento económico; Producción y consumo responsable"
854,epidemic,epidemia,Salud y bienestar
855,healthtech,tecnología de la salud,"Industria, innovación e infraestructuras"
856,forestry,silvicultura,Producción y consumo responsible
857,bioindicadores,bioindicadores,"Industria, innovación e infraestructuras"
862,pediátrica,pediátrico,Salud y bienestar
863,agricola,agrícola,"Hambre cero; Ciudades y comunidades sostenibles; Industria, innovación e infraestructuras; Trabajo decente y crecimiento económico; Producción y consumo responsable"
864,eletricidade,electricidad,Energía asequible y no contaminante
865,sociobiodiversidade,sociobiodiversidad,Ciudades y comunidades sostenibles
866,aquática,acuático,Agua limpia y saneamiento
867,género,género,Igualdad de género
868,eletrdnico,electrónico,"Industria, innovación e infraestructuras"
869,hospitals,hospitales,Salud y bienestar
870,tumores,tumores,Salud y bienestar
871,pharmacy,farmacia,"Industria, innovación e infraestructuras"
876,micotoxinas,micotoxinas,Salud y bienestar
877,equitable,equitativo,Reducción de desigualdades
878,hoteleiro,hotelero,"Industria, innovación e infraestructuras"
879,infarto,infarto de miocardio,Salud y bienestar
880,agroecossistemas,agroecosistemas,"Hambre cero; Ciudades y comunidades sostenibles; Industria, innovación e infraestructuras; Trabajo decente y crecimiento económico; Producción y consumo responsable"
881,racial,racial,Reducción de desigualdades
889,acrilica,acrílico,"Industria, innovación e infraestructuras"
890,humanitarian,humanitario,"Paz, justicia e instituciones sólidas"
891,genomics,genómica,"Industria, innovación e infraestructuras"
893,toxicologia,toxicología,Salud y bienestar
894,biomassas,biomasas,Ciudades y comunidades sostenibles;  Producción y consumo responsible
897,lavoura,Agricultura,"Hambre cero; Ciudades y comunidades sostenibles; Industria, innovación e infraestructuras; Trabajo decente y crecimiento económico; Producción y consumo responsable"
898,antibiotics,antibióticos,Salud y bienestar
901,professora,profesor,Educación de calidad
902,coronaviruses,coronavirus,Salud y bienestar
903,siderurgia,industria metalúrgica,"Industria, innovación e infraestructuras"
904,cérebro,cerebro,Salud y bienestar
905,ciudadanía,ciudadanía,"Paz, justicia e instituciones solidas"
906,gênico,genético,"Industria, innovación e infraestructuras"
907,epidemia,Epidemia,Salud y bienestar
908,tartaruga,Tortuga,Vida submarina
909,vasculares,vascular,Salud y bienestar
910,desburocratização,desburocratización,Ciudades y comunidades sostenibles
911,robotics,robótica,"Industria, innovación e infraestructuras"
912,medina,medina,Salud y bienestar
914,hidrológico,hidrológico,Agua limpia y saneamiento
917,safra,cosecha,"Hambre cero; Ciudades y comunidades sostenibles; Industria, innovación e infraestructuras; Trabajo decente y crecimiento económico; Producción y consumo responsable"
918,petroleo,Petróleo,"Industria, innovación e infraestructuras"
919,biorremediação,biorremediación,Vida de ecosistemas terrestres;  Vida submarina
920,infecciosos,infeccioso,Salud y bienestar
921,comestíveis,comestibles,Hambre cero
923,atmosféricos,atmosférico,Acción por el clima
924,sanitaria,sanitario,Agua limpia y saneamiento
925,farmacológica,farmacológico,Salud y bienestar
926,ginecologia,ginecología,Salud y bienestar
928,metagenômica,metagenómica,"Industria, innovación e infraestructuras"
929,biofármacos,biofarmacéuticos,"Industria, innovación e infraestructuras"
931,electronically,electronicamente,"Industria, innovación e infraestructuras"
932,energéticos,energético,Energía asequible y no contaminante
934,invertebrados,invertebrados,Vida de ecosistemas terrestres
935,agroquímicos,agroquímicos,"Hambre cero; Ciudades y comunidades sostenibles; Industria, innovación e infraestructuras; Trabajo decente y crecimiento económico; Producción y consumo responsable"
937,vacinal,vacuna,Salud y bienestar
938,microbianas,microbiano,Salud y bienestar
939,lácteos,lácteos,Salud y bienestar
940,agrometeorologia,agrometeorologia,"Hambre cero; Ciudades y comunidades sostenibles; Industria, innovación e infraestructuras; Trabajo decente y crecimiento económico; Producción y consumo responsable"
945,nanofibras,nanofibras,"Industria, innovación e infraestructuras"
947,entorpecentes,narcóticos,"Paz, justicia e instituciones solidas"
950,microbiology,microbiología,Salud y bienestar
953,radioterapia,radioterapia,Salud y bienestar
956,morango,fresa,Producción y consumo responsable
957,cosmeticos,productos cosméticos,"Industria, innovación e infraestructuras"
958,farmaceuticas,farmacéutico,"Industria, innovación e infraestructuras"
959,quimioterapia,quimioterapia,Salud y bienestar
960,agrônomo,agrónomo,"Hambre cero; Ciudades y comunidades sostenibles; Industria, innovación e infraestructuras; Trabajo decente y crecimiento económico; Producción y consumo responsable"
963,biosfera,biosfera,Ciudades y comunidades sostenibles
966,eletroquímicos,electroquímicos,"Industria, innovación e infraestructuras"
967,biomechanics,biomecánica,"Industria, innovación e infraestructuras"
968,fotovoltaico,fotovoltaica,"Energía asequible y no contaminante; Industria, innovación e infraestructuras"
970,empresárias,mujer de negocios,Igualdad de Genero
972,figueiró,árbol de higo,Producción y consumo responsible
973,cultivada,cultivado,Producción y consumo responsible
974,cardia,corazón,Salud y bienestar
976,antisséptico,antiséptico,Salud y bienestar
977,biomecânicos,biomecánica,"Industria, innovación e infraestructuras"
978,odontologica,odontología,Salud y bienestar
979,polietileno,polietileno,"Industria, innovación e infraestructuras"
980,biometria,Biometria,"Industria, innovación e infraestructuras"
981,tóxica,tóxico,Salud y bienestar
982,inovativa,innovador,"Industria, innovación e infraestructuras"
983,académicas,académica,Educación de calidad
984,microbiano,microbiano,Salud y bienestar
985,biomass,biomasa,Ciudades y comunidades sostenibles; Producción y consumo responsible
986,anestesiologia,anestesiología,Salud y bienestar
988,bioinsumos,bioinsumos,"Industria, innovación e infraestructuras"
989,professors,profesores,Trabajo decente y crecimiento económico
990,nanofabricação,nanofabricación,"Industria, innovación e infraestructuras"
991,bioimpressão,bioimpresión,Salud y bienestar
992,antifúngicos,antifúngico,Salud y bienestar
993,cervical,cervical,Salud y bienestar
995,metabólico,metabólico,Hambre cero
996,lavra,minería,"Industria, innovación e infraestructuras"
999,automobilística,fabricante de automóviles,"Industria, innovación e infraestructuras"
1000,mortality,mortalidad,Salud y bienestar
1001,pesqueiro,barco de pesca,Producción y consumo responsible
1003,governmental,gubernamental,"Paz, justicia e instituciones sólidas"
1004,hospitalizados,hospitalizado,Salud y bienestar
1005,agrossistemas,agrosistemas,"Industria, innovación e infraestructuras"
1006,toxicology,toxicología,Salud y bienestar
1010,transgênicos,transgénico,Salud y bienestar
1012,inseticida,insecticida,"Industria, innovación e infraestructuras"
1013,fermentação,fermentación,"Industria, innovación e infraestructuras"
1015,emissions,emisiones,Ciudades y comunidades sostenibles
1016,carnê,carne de vaca,"Industria, innovación e infraestructuras"
1017,ambulatório,paciente externo,Salud y bienestar
1018,maquina,máquina,"Industria, innovación e infraestructuras"
1019,epigenética,epigenética,Salud y bienestar
1020,nanoestruturado,nanoestructurado,"Industria, innovación e infraestructuras"
1021,imunopatologia,inmunopatología,Salud y bienestar
1024,agroecológicas,agroecológico,"Hambre cero; Ciudades y comunidades sostenibles; Industria, innovación e infraestructuras; Trabajo decente y crecimiento económico; Producción y consumo responsable"
1025,aquaculture,acuicultura,Ciudades y comunidades sostenibles;  Producción y consumo responsible
1026,neuropsiquiátricos,neurosiquiátrico,Salud y bienestar
1029,biorrefinarias,biorrefinerías,"Industria, innovación e infraestructuras"
1031,probiótico,probiótico,Salud y bienestar
1032,imigrante,inmigrante,"Paz, justicia e instituciones solidas"
1033,participativos,participativo,"Paz, justicia e instituciones sólidas"
1034,contaminações,contaminaciones,Acción por el clima;  Agua limpia y saneamiento;  Ciudades y comunidades sostenibles
1035,cafeicultura,cultivo de cafe,Producción y consumo responsible
1036,endodontia,endodoncia,Salud y bienestar
1037,viruses,virus,Salud y bienestar
1038,probióticos,probióticos,Salud y bienestar
1040,biomonitoramento,biomonitoreo,Salud y bienestar
1042,feministas,feministas,Igualdad de género
1044,antígenos,antígenos,Salud y bienestar
1046,letivos,académico,Educación de calidad
1047,intoxicações,intoxicaciones,Salud y bienestar
1048,farmoquímico,farmacoquímica,"Industria, innovación e infraestructuras"
1050,repurposing,reutilización,Producción y consumo responsible
1051,eletroeletrônicos,electrónica,"Industria, innovación e infraestructuras"
1052,salmonella,salmonela,Salud y bienestar
1053,biomaterial,biomaterial,"Industria, innovación e infraestructuras"
1057,litter,basura,Producción y consumo responsible
1058,maker,fabricante,"Industria, innovación e infraestructuras"
1059,bioinformatics,bioinformática,"Industria, innovación e infraestructuras"
1062,hidroponia,hidroponia,"Hambre cero; Ciudades y comunidades sostenibles; Industria, innovación e infraestructuras; Trabajo decente y crecimiento económico; Producción y consumo responsable"
1064,internação,hospitalización,Salud y bienestar
1065,fitopatologia,patologia de planta,Vida de ecosistemas terrestres
1066,sexuais,sexual,Igualdad de género
1067,leishmania,leishmania,Salud y bienestar
1068,antimicrobiano,antimicrobiano,Salud y bienestar
1069,parasitas,parásitos,Salud y bienestar
1070,aquático,acuático,Agua limpia y saneamiento
1071,microclima,microclima,Acción por el clima
1072,participacdo,participativo,"Paz, justicia e instituciones sólidas"
1073,oncologia,oncología,Salud y bienestar
1074,citotoxicidade,citotoxicidad,Vida de ecosistemas terrestres
1075,macroalgas,macroalgas,Vida submarina
1077,sedimentares,sedimentario,Agua limpia y saneamiento
1079,wastewater,aguas residuales,Agua limpia y saneamiento
1081,poluidoras,contaminadores,Ciudades y comunidades sostenibles
1082,apicultura,apicultura,Ciudades y comunidades sostenibles;  Producción y consumo responsible
1083,pescarias,pesquerías,Vida Submarina
1085,employability,empleabilidad,Trabajo decente y crecimiento económico
1086,prontuário,historial médico,Salud y bienestar
1087,neurotoxicidade,neurotoxicidad,Salud y bienestar
1088,medicamentoso,medicado,Salud y bienestar
1089,pediátricos,pediátrico,Salud y bienestar
1090,gravídico,embarazada,Salud y bienestar
1092,alimentados,alimentados,Hambre cero
1093,neuroinflamação,neuroinflamación,Salud y bienestar
1094,microplásticos,microplásticos,Ciudades y comunidades sostenibles; Producción y consumo responsible
1096,gamba,camarón,Producción y consumo responsable
1097,enfermidade,enfermedad,Salud y bienestar
1098,hepatologia,hepatologia,Salud y bienestar
1099,auxilios,SIDA,Salud y bienestar
1100,inovacgao,innovación,"Industria, innovación e infraestructuras"
1102,geopolítica,geopolítica,"Paz, justicia e instituciones sólidas"
1105,ecotoxicologia,ecotoxicología,Ciudades y comunidades sostenibles
1106,biofábrica,biofábrica,"Industria, innovación e infraestructuras"
1107,fibromialgia,fibromialgia,Salud y bienestar
1108,tumoral,tumoral,Salud y bienestar
1110,diagnós,diagnósticos,Salud y bienestar
1112,cultivado,cultivado,"Hambre cero; Ciudades y comunidades sostenibles; Industria, innovación e infraestructuras; Trabajo decente y crecimiento económico; Producción y consumo responsable"
1114,consensos,consenso,"Paz, justicia e instituciones sólidas"
1116,hemoterapia,hemoterapia,Salud y bienestar
1118,productivity,productividad,"Industria, innovación e infraestructuras"
1119,aguas,aguas,Agua limpia y saneamiento
1120,caipiras,campesinos sureños,"Paz, justicia e instituciones solidas"
1121,miocárdio,miocardio,Salud y bienestar
1122,nanotecnológico,nanotecnología,"Industria, innovación e infraestructuras"
1123,imunológicos,inmunológico,Salud y bienestar
1124,nanoestruturadas,nanoestructurado,"Industria, innovación e infraestructuras"
1126,bioabsorvíveis,bioabsorbibles,"Ciudades y comunidades sostenibles; Producción y consumo responsable; Industria, innovación e infraestructuras"
1127,epidemiology,epidemiología,Salud y bienestar
1128,nanomedicina,nanomedicina,Salud y bienestar
1129,plásticas,el plastico,Producción y consumo responsible
1132,agroindustrialização,agroindustrialización,"Hambre cero; Ciudades y comunidades sostenibles; Industria, innovación e infraestructuras; Trabajo decente y crecimiento económico; Producción y consumo responsable"
1134,aquaviário,camino acuático,Agua limpia y saneamiento
1135,inovagéo,innovación,"Industria, innovación e infraestructuras"
1136,nanodispositivos,nanodispositivos,"Industria, innovación e infraestructuras"
1138,hidráulica,hidráulico,Agua limpia y saneamiento
1139,bioengen,bio-motor,"Industria, innovación e infraestructuras"
1140,biofertilizantes,biofertilizantes,"Ciudades y comunidades sostenibles; Producción y consumo responsable; Industria, innovación e infraestructuras;  Energía asequible y no contaminante"
1141,microorganisms,microorganismos,Vida de ecosistemas terrestres
1142,antígeno,antígeno,Salud y bienestar
1146,agroalimentares,agroalimentario,"Hambre cero; Ciudades y comunidades sostenibles; Industria, innovación e infraestructuras; Trabajo decente y crecimiento económico; Producción y consumo responsable"
1148,biomoléculas,biomoléculas,"Industria, innovación e infraestructuras"
1151,socioculturais,sociocultural,Ciudades y comunidades sostenibles
1152,cicatrização,cicatrización,Salud y bienestar
1153,eletroeletrônico,electrónica,"Industria, innovación e infraestructuras"
1155,contaminados,contaminado,Ciudades y comunidades sostenibles
1156,homeopática,homeopático,Salud y bienestar
1157,bioplásticos,bioplásticos,Ciudades y comunidades sostenibles
1158,purificador,purificador,Agua limpia y saneamiento
1159,atmosférico,atmosférico,Acción por el clima
1160,camponogara,campesino,"Paz, justicia e instituciones solidas"
1161,étnica,étnico,"Paz, justicia e instituciones solidas"
1162,ecossystem,ecosistema,Vida de ecosistemas terrestres;  Vida submarina
1164,bioeconomy,bioeconomía,Ciudades y comunidades sostenibles;  Producción y consumo responsable 
1166,tecnolagico,tecnológico,"Industria, Innovación e Infraestructuras"
1167,reciclado,reciclado,Ciudades y comunidades sostenibles
1168,sociocultural,sociocultural,Ciudades y comunidades sostenibles
1169,antifúngico,antifúngico,Salud y bienestar
1170,staphylococcus,estafilococo,Salud y bienestar
1172,medicamento,medicamento,Salud y bienestar
1173,nanotoxicologia,nanotoxicología,Salud y bienestar
1175,reprodutivo,reproductivo,Salud y bienestar
1176,dosagem,Dosis,Salud y bienestar
1177,inovapers,innovadores,"Industria, innovación e infraestructuras"
1178,celulas,células,Salud y bienestar
1181,incapacidades,discapacidades,Salud y bienestar;  Reducción de desigualdades
1184,biochar,biocarbón,"Ciudades y comunidades sostenibles; Producción y consumo responsable; Industria, innovación e infraestructuras"
1186,figueiroa,árbol de higo,Producción y consumo responsible
1189,ageing,envejecimiento,Salud y bienestar
1190,diplomática,diplomático,"Paz, justicia e instituciones sólidas"
1191,biopolítica,biopolítica,"Paz, justicia e instituciones solidas"
1192,virology,virología,Salud y bienestar
1193,mexias,polillas,Ciudades y comunidades sostenibles
1194,nanotecnológicos,nanotecnológico,"Industria, innovación e infraestructuras"
1195,educacgao,educación,Educación de calidad
1196,nanocristais,nanocristales,"Industria, innovación e infraestructuras"
1197,herpesvirus,virus del herpes,Salud y bienestar
1198,reúso,reutilizar,Ciudades y comunidades sostenibles
1199,multimorbidade,multimorbilidad,Salud y bienestar
1202,contamination,contaminación,Acción por el clima;  Agua limpia y saneamiento;  Ciudades y comunidades sostenibles
1204,minorias,minorías,Reducción de desigualdades
1205,groundwater,agua subterránea,Agua limpia y saneamiento
1208,genetico,genético,"Industria, innovación e infraestructuras"
1209,vulnerável,vulnerable,Fin de la pobreza
1213,magnetic,magnético,"Industria, innovación e infraestructuras"
1215,tóxicas,tóxico,Salud y bienestar
1217,limoeiro,limonero,Producción y consumo responsible
1221,traumas,traumatismos,Salud y bienestar
1223,contagiosas,contagioso,Salud y bienestar
1224,nutritional,nutricional,Hambre cero
1225,sediments,sedimentos,Agua limpia y saneamiento
1226,imunodiagnóstico,inmunodiagnóstico,Salud y bienestar
1227,genômicos,genómica,"Industria, innovación e infraestructuras"
1228,anaeróbio,anaeróbico,Salud y bienestar
1229,respiratórios,respiratorio,Salud y bienestar
1230,melanoma,melanoma,Salud y bienestar
1231,orgaos,organos,Salud y bienestar
1232,agroalimentar,agroalimentario,"Hambre cero; Ciudades y comunidades sostenibles; Industria, innovación e infraestructuras; Trabajo decente y crecimiento económico; Producción y consumo responsable"
1234,aquoso,acuoso,Agua limpia y saneamiento
1235,bovinas,bovinos,"Industria, innovación e infraestructuras"
1236,automatizados,automatizado,"Industria, innovación e infraestructuras"
1237,agroflorestal,agroforestal,"Hambre cero; Ciudades y comunidades sostenibles; Industria, innovación e infraestructuras; Trabajo decente y crecimiento económico; Producción y consumo responsable"
1239,maricultura,maricultura,Producción y consumo responsable
1240,sade,salud,Salud y bienestar
1242,legumes,verduras,"Hambre cero; Ciudades y comunidades sostenibles; Industria, innovación e infraestructuras; Trabajo decente y crecimiento económico; Producción y consumo responsable"
1244,olea,petróleo,"Industria, innovación e infraestructuras"
1245,participatory,participativo,"Paz, justicia e instituciones sólidas"
1248,seafood,mariscos,Producción y consumo responsible
1249,microempreendedores,microempresarios,"Industria, innovación e infraestructuras"
1250,conflicts,conflictos,"Paz, justicia e instituciones sólidas"
1251,biosensores,biosensores,"Industria, innovación e infraestructuras"
1252,employs,emplea,Trabajo decente y crecimiento económico
1253,plasticos,el plastico,Ciudades y comunidades sostenibles
1255,omnichannel,omnicanal,"Industria, innovación e infraestructuras"
1256,campomanes,campesinos,Trabajo decente y crecimiento económico
1257,mutagen,mutageno,Salud y bienestar
1258,microestrutura,microestructura,"Industria, innovación e infraestructuras"
1259,fotobiomodulação,fotobiomodulación,"Industria, innovación e infraestructuras"
1262,láctea,lechoso,"Industria, innovación e infraestructuras"
1263,sustaining,nutritivo,Hambre cero
1264,oncológicos,oncología,Salud y bienestar
1266,psicológicos,psicológico,Salud y bienestar
1267,tartarugas,tortugas,Vida submarina
1271,hypertension,hipertensión,Salud y bienestar
1272,nanomaterials,nanomateriales,"Industria, innovación e infraestructuras"
1273,metalmecânica,metalurgia,"Industria, innovación e infraestructuras"
1274,vesículas,vesículas,Salud y bienestar
1275,mangabeira,árbol de mangaba,Vida de ecosistemas terrestres
1276,neonatologia,neonatología,Salud y bienestar
1277,inoxidável,inoxidable,"Industria, innovación e infraestructuras"
1278,inovacoes,innovaciones,"Industria, innovación e infraestructuras"
1279,biorreator,biorreactor,"Industria, innovación e infraestructuras"
1280,biotimize,biooptimizar,"Industria, innovación e infraestructuras"
1283,salud,salud,Salud y bienestar
1285,antitumorais,antitumoral,Salud y bienestar
1287,caninos,caninos,Vida de ecosistemas terrestres
1288,dendê,aceite de palma,"Industria, innovación e infraestructuras"
1289,cardiológica,cardiológico,Salud y bienestar
1290,imunoterapia,inmunoterapia,Salud y bienestar
1291,genotipagem,genotipificación,Salud y bienestar
1292,fitoterápico,herbario,Ciudades y comunidades sostenibles
1294,educacion,educación,Educación de calidad
1296,genômicas,genómica,"Industria, innovación e infraestructuras"
1298,pescados,pescado,Hambre cero
1299,poderd,energía,Energía asequible y no contaminante
1302,biorrefinaria,biorrefinería,"Industria, innovación e infraestructuras"
1303,girassóis,girasoles,Producción y consumo responsible
1304,agricultre,granjero,Producción y consumo responsible
1306,amputação,amputación,Salud y bienestar
1307,biotec,biotecnología,"Industria, innovación e infraestructuras"
1308,atmospheric,atmosférico,Acción por el clima
1310,vivas,salud,Salud y bienestar
1311,fotobiorreator,fotobiorreactor,Producción y consumo responsable
1312,proarquipélago,proarchipiélago,Ciudades y comunidades sostenibles
1314,arbovírus,arbovirus,Salud y bienestar
1315,farmacovigilância,farmacovigilancia,"Industria, innovación e infraestructuras"
1324,carvalhaes,robles,Vida de ecosistemas terrestres
1326,lepidoptera,lepidópteros,Vida de ecosistemas terrestres
1327,enfermidades,enfermedades,Salud y bienestar
1328,toxicity,toxicidad,Salud y bienestar
1332,toxicológicos,toxicologico,Salud y bienestar
1333,ocular,ojo,Salud y bienestar
1334,imunes,inmune,Salud y bienestar
1335,cardiometabólico,cardiometabólico,Salud y bienestar
1336,bionanomateriais,bionanomateriales,"Industria, innovación e infraestructuras"
1337,cotton,algodón,Producción y consumo responsible
1338,aguila,aguila,Vida de ecosistemas terrestres
1340,intercultural,intercultural,"Paz, justicia e instituciones solidas"
1341,empregabilidade,empleabilidad,Trabajo decente y crecimiento económico
1343,estudantis,estudiantes,Educación de calidad
1344,pescaria,pescar,Producción y consumo responsible
1345,clonagem,clonación,Salud y bienestar
1346,tireoide,tiroides,Salud y bienestar
1350,sensoriais,sensorial,"Industria, innovación e infraestructuras"
1351,democráticas,democrático,"Paz, justicia e instituciones sólidas"
1352,investidora,inversor,"Industria, innovación e infraestructuras"
1354,anemia,anemia,Salud y bienestar
1355,agroambientais,agroambiental,"Hambre cero; Ciudades y comunidades sostenibles; Industria, innovación e infraestructuras; Trabajo decente y crecimiento económico; Producción y consumo responsable"
1356,endometriose,endometriosis,Salud y bienestar
1357,analgésicos,analgésicos,Salud y bienestar
1359,antidepressivo,antidepresivo,Salud y bienestar
1361,ornitologia,ornitología,Vida de ecosistemas terrestres
1363,agrobiologia,agrobiología,"Hambre cero; Ciudades y comunidades sostenibles; Industria, innovación e infraestructuras; Trabajo decente y crecimiento económico; Producción y consumo responsable"
1364,nanoeletrônica,nanoelectrónica,"Industria, innovación e infraestructuras"
1365,neurológicas,neurológico,Salud y bienestar
1368,nanofibrosos,nanofibroso,"Industria, innovación e infraestructuras"
1369,climatic,climático,Acción por el clima
1370,maternidades,hospitales de maternidad,Salud y bienestar
1372,hidroenergia,hidroeléctrica,Energía asequible y no contaminante
1375,feminicídio,feminicidio,Igualdad de Genero
1376,herbário,herbario,Ciudades y comunidades sostenibles
1377,diarreia,Diarrea,Salud y bienestar
1378,petroleum,petróleo,"Industria, innovación e infraestructuras"
1379,reconciliation,reconciliación,"Paz, justicia e instituciones solidas"
1380,hymenoptera,himenópteros,Vida de ecosistemas terrestres
1382,pecuários,ganado,"Industria, innovación e infraestructuras"
1383,biocontroladores,biocontroladores,"Industria, innovación e infraestructuras"
1385,illness,enfermedad,Salud y bienestar
1388,parasitoides,parasitoides,Salud y bienestar
1389,satisfizer,satisfacer,Fin de la pobreza
1390,hormônios,hormonas,Salud y bienestar
1392,associativismo,asociativismo,Alianzas para lograr los objetivos
1393,aminoácidos,aminoácidos,Salud y bienestar
1394,hortênsias,hortensias,Producción y consumo responsible
1395,girassol,girasol,Ciudades y comunidades sostenibles
1396,toxicológicas,toxicologico,Salud y bienestar
1397,farmaceuticos,farmacéuticos,"Industria, innovación e infraestructuras"
1398,prototype,prototipo,"Industria, innovación e infraestructuras"
1399,gestações,embarazos,Salud y bienestar
1400,psychocardio,psicocardio,Salud y bienestar
1401,antidepressiva,antidepresivo,Salud y bienestar
1402,fitotecnia,fitotecnia,Producción y consumo responsable
1403,hidrológica,hidrológico,Agua limpia y saneamiento
1404,rodovias,carreteras,"Paz, justicia e instituciones solidas"
1405,cadeirantes,usuarios de silla de ruedas,Reducción de desigualdades
1406,enfretamento,confrontación,"Paz, justicia e instituciones solidas"
1407,datastream,flujo de datos,"Industria, innovación e infraestructuras"
1410,corollarium,corolario,Salud y bienestar
1411,mujeres,mujeres,Igualdad de Genero
1412,répteis,reptiles,Vida de ecosistemas terrestres
1413,nanotechnology,nanotecnología,"Industria, innovación e infraestructuras"
1414,oportunizando,brindando oportunidades,Reducción de desigualdades
1415,organicos,orgánico,Producción y consumo responsible;  Salud y bienestar
1420,recicladora,reciclador,Ciudades y comunidades sostenibles
1421,electroimpact,electroimpacto,"Industria, innovación e infraestructuras"
1422,cannabis,canabis,"Paz, justicia e instituciones solidas"
1423,bioinformatica,bioinformática,"Industria, innovación e infraestructuras"
1424,desemprego,desempleo,Trabajo decente y crecimiento económico
1425,antifúngica,antifúngico,Salud y bienestar
1426,tradenergy,energía comercial,Energía asequible y no contaminante
1427,biotecnología,biotecnología,"Industria, innovación e infraestructuras"
1428,neurológica,neurológico,Salud y bienestar
1429,hydrosol,hidrosol,Agua limpia y saneamiento
1431,papilomavírus,virus del papiloma,Salud y bienestar
1433,brucelose,brucelosis,Salud y bienestar
1434,maracaju,maracuyá,Producción y consumo responsible
1450,imunobiológicos,inmunobiológicos,Salud y bienestar
1451,fitopatógenos,fitopatógenos,Salud y bienestar
1452,dermocosmético,dermocosmético,"Industria, innovación e infraestructuras"
1453,nanocosméticos,nanocosméticos,"Industria, innovación e infraestructuras"
1456,aquicultores,acuicultores,"Hambre cero; Ciudades y comunidades sostenibles; Industria, innovación e infraestructuras; Trabajo decente y crecimiento económico; Producción y consumo responsable"
1457,obstétrica,obstétrico,Salud y bienestar
1458,diáspora,diáspora,"Paz, justicia e instituciones sólidas"
1459,hygiene,higiene,Agua limpia y saneamiento
1460,endocrinologia,endocrinología,Salud y bienestar
1461,ambientalis,ambiental,Ciudades y comunidades sostenibles;  Producción y consumo responsible
1462,employ,emplear,Trabajo decente y crecimiento económico
1463,diabéticas,diabético,Salud y bienestar
1464,hidropônicos,hidropónico,"Hambre cero; Ciudades y comunidades sostenibles; Industria, innovación e infraestructuras; Trabajo decente y crecimiento económico; Producción y consumo responsable"
1465,adubos,fertilizantes,Hambre cero
1467,eletrometalurgica,electrometalurgia,"Industria, innovación e infraestructuras"
1468,agronegocio,agroindustria,"Industria, innovación e infraestructuras"
1470,hidrelétrica,hidroeléctrico,Energía asequible y no contaminante
1471,micropoluentes,microcontaminantes,Ciudades y comunidades sostenibles
1477,roca,granja,Producción y consumo responsable
1478,pluviais,pluvial,Agua limpia y saneamiento
1479,ensina,enseñar,Educación de calidad
1480,cosméticas,productos cosméticos,"Industria, innovación e infraestructuras"
1481,metalúrgicos,trabajadores del metal,"Industria, innovación e infraestructuras"
1482,agroindustriales,agroindustrial,"Hambre cero; Ciudades y comunidades sostenibles; Industria, innovación e infraestructuras; Trabajo decente y crecimiento económico; Producción y consumo responsable"
1483,microssistemas,microsistemas,"Industria, innovación e infraestructuras"
1486,arbóreas,arbóreo,Vida de ecosistemas terrestres
1487,basin,cuenca,Agua limpia y saneamiento
1488,aquífero,acuífero,Agua limpia y saneamiento;  Vida submarina
1489,zoológicas,zoológicos,Ciudades y comunidades sostenibles;  Vida submarina;  Vida de ecosistemas terrestres
1490,petrolina,gasolina,"Industria, innovación e infraestructuras"
1493,agronegocios,agroindustria,"Hambre cero; Ciudades y comunidades sostenibles; Industria, innovación e infraestructuras; Trabajo decente y crecimiento económico; Producción y consumo responsable"
1494,neurobiológicos,neurobiológico,Salud y bienestar
1496,cacau,cacao,Producción y consumo responsable
1502,bioinseticida,bioplaguicida,"Industria, innovación e infraestructuras"
1504,neurológicos,neurológico,Salud y bienestar
1505,eletromecânicos,electromecánico,"Industria, innovación e infraestructuras"
1506,covas,pozos,Agua limpia y saneamiento
1507,hidráulicos,hidráulico,Agua limpia y saneamiento
1509,citogenética,citogenética,Salud y bienestar
1510,biodegradação,biodegradacion,Ciudades y comunidades sostenibles
1513,cardiopulmonar,cardiopulmonar,Salud y bienestar
1514,urbanístico,urbanista,Ciudades y comunidades sostenibles
1516,autoimunes,autoinmune,Salud y bienestar
1521,agroenergia,agroenergía,Energía asequible y no contaminante
1522,chlamydia,clamidia,Salud y bienestar
1523,unemployment,desempleo,Trabajo decente y crecimiento económico
1524,utilities,utilidades,"Industria, innovación e infraestructuras"
1525,antileucêmica,antileucémico,Salud y bienestar
1526,endoscópio,endoscopio,Salud y bienestar
1527,antimicrobials,antimicrobianos,Salud y bienestar
1528,indigenas,indígena,"Paz, justicia e instituciones sólidas"
1529,repressão,represión,"Paz, justicia e instituciones solidas"
1530,agriconnected,agricultor conectado,"Industria, innovación e infraestructuras"
1531,algodoeiro,algodón,Producción y consumo responsible
1532,parvovírus,parvovirus,Salud y bienestar
1534,macieiras,Árboles de manzana,Producción y consumo responsible
1535,furtos,robos,"Paz, justicia e instituciones solidas"
1536,migratória,migratorio,"Paz, justicia e instituciones sólidas"
1537,plantios,plantaciones,Producción y consumo responsable
1540,farmacocinética,farmacocinética,"Industria, innovación e infraestructuras"
1541,inovatur,innovación,"Industria, innovación e infraestructuras"
1543,migrante,inmigrante,"Paz, justicia e instituciones solidas"
1544,nanoencapsulado,nanoencapsulado,"Industria, innovación e infraestructuras"
1547,apicultores,apicultores,Producción y consumo responsible
1548,amora,Mora,Producción y consumo responsible
1549,carcinicultura,cultivo de camarones,Producción y consumo responsible
1551,vesp,avispa,Vida de ecosistemas terrestres
1553,biofuels,biocombustibles,"Industria, innovación e infraestructuras"
1554,justiças,justicia,"Paz, justicia e instituciones solidas"
1555,étnicos,étnico,"Paz, justicia e instituciones solidas"
1556,microbacia,microcuenca,Agua limpia y saneamiento
1557,vaca,vaca,"Industria, innovación e infraestructuras"
1558,marítimo,marítimo,Vida submarina
1559,microalga,microalgas,Agua limpia y saneamiento
1562,tempestade,tormenta,Acción por el clima
1565,pósdoc,postdoctorado,Educación de calidad
1566,entomológico,entomológico,Vida de ecosistemas terrestres
1568,termelétrica,termoeléctrico,Energía asequible y no contaminante
1570,agribusiness,agroindustria,"Hambre cero; Ciudades y comunidades sostenibles; Industria, innovación e infraestructuras; Trabajo decente y crecimiento económico; Producción y consumo responsable"
1571,pediátrico,pediátrico,Salud y bienestar
1572,veneno,veneno,Salud y bienestar
1573,eletroquímicas,electroquímico,Energía asequible y no contaminante
1574,nanotecnolog,nanotecnología,"Industria, innovación e infraestructuras"
1575,electric,eléctrico,Energía asequible y no contaminante
1579,antidepressivos,antidepresivos,Salud y bienestar
1580,pedagogía,pedagogía,Educación de calidad
1581,camélias,camelias,Producción y consumo responsible
1582,sedimentation,sedimentación,Agua limpia y saneamiento
1583,videolaringoscópio,videolaringoscopio,Salud y bienestar
1585,baleia,ballena,Vida Submarina
1589,fotossíntese,fotosíntesis,Vida submarina;  Vida de ecosistemas terrestres 
1591,tecnolédgico,tecnológico,"Industria, Innovación e Infraestructuras"
1592,fisiopatológica,fisiopatológico,Salud y bienestar
1593,environmentally,ambientalmente,"Industria, Innovación e Infraestructuras"
1594,sanitarias,Sanitario,Agua limpia y saneamiento
1595,nanotec,nanotecnología,"Industria, innovación e infraestructuras"
1596,fungi,hongos,Vida de ecosistemas terrestres
1597,nanceira,financiero,"Industria, innovación e infraestructuras"
1598,corruption,corrupción,"Paz, justicia e instituciones solidas"
1599,inovacéo,innovación,"Industria, innovación e infraestructuras"
1602,marginal,marginal,Reducción de desigualdades
1604,placenta,placenta,Salud y bienestar
1605,foresti,bosque,Vida de ecosistemas terrestres
1606,agrarian,agrario,"Hambre cero; Ciudades y comunidades sostenibles; Industria, innovación e infraestructuras; Trabajo decente y crecimiento económico; Producción y consumo responsable"
1609,pscicologia,psicología,Salud y bienestar
1610,javascript,javascript,"Industria, innovación e infraestructuras"
1611,nanotecnológicas,nanotecnología,"Industria, innovación e infraestructuras"
1612,cocaína,cocaína,"Paz, justicia e instituciones solidas"
1614,tóxico,tóxico,Salud y bienestar
1615,biometano,biometano,"Industria, innovación e infraestructuras"
1616,neuroquímicas,neuroquímicos,"Industria, innovación e infraestructuras"
1617,hidrolégicos,hidrológico,Agua limpia y saneamiento
1618,prototipos,prototipos,"Industria, innovación e infraestructuras"
1619,botânicas,botánicos,Vida de ecosistemas terrestres
1620,farmacogenético,farmacogenético,Salud y bienestar
1622,bicicleta,bicicleta,Ciudades y comunidades sostenibles
1623,assoreamento,sedimentación,Agua limpia y saneamiento
1624,ecoturismo,ecoturismo,"Ciudades y comunidades sostenibles; Industria, innovación e infraestructuras"
1629,fotodegradação,fotodegradación,Agua limpia y saneamiento
1632,cosmético,cosmético,"Industria, innovación e infraestructuras"
1635,hipotireoidismo,hipotiroidismo,Salud y bienestar
1636,aquíferos,acuíferos,Agua limpia y saneamiento;  Vida submarina
1637,colheitadeiras,cosechadoras,Producción y consumo responsable
1638,sovereignty,soberanía,"Paz, justicia e instituciones solidas"
1640,alérgica,alérgico,Salud y bienestar
1641,microplástico,microplástico,Ciudades y comunidades sostenibles
1642,neuromuscular,neuromuscular,Salud y bienestar
1643,radiative,radioactivo,Salud y bienestar
1644,hidrometeorológicos,hidrometeorológico,Agua limpia y saneamiento
1645,cardiology,cardiología,Salud y bienestar
1648,clímaco,climático,Acción por el clima
1650,agronômicos,agronómico,"Hambre cero; Ciudades y comunidades sostenibles; Industria, innovación e infraestructuras; Trabajo decente y crecimiento económico; Producción y consumo responsable"
1651,siderúrgica,molino de acero,"Industria, innovación e infraestructuras"
1652,migratórias,migratorio,"Paz, justicia e instituciones sólidas"
1655,confrontações,enfrentamientos,"Paz, justicia e instituciones solidas"
1656,canindezinho,pequeño canino,Vida de ecosistemas terrestres
1659,granjas,granjas,"Hambre cero; Ciudades y comunidades sostenibles; Industria, innovación e infraestructuras; Trabajo decente y crecimiento económico; Producción y consumo responsable"
1660,socioeducativas,socioeducativo,Educación de calidad
1661,patias,patologias,Salud y bienestar
1662,prostituição,prostitución,Reducción de desigualdades
1666,farmacogenômica,farmacogenómica,Salud y bienestar
1667,desmatamentos,deforestación,Ciudades y comunidades sostenibles
1669,cirúrgicos,quirúrgico,Salud y bienestar
1672,cibercultura,cibercultura,"Industria, innovación e infraestructuras"
1679,alimenticios,alimentos,Hambre cero
1682,antimicrobianas,antimicrobianos,Salud y bienestar
1683,biopesticida,bioplaguicida,"Industria, innovación e infraestructuras"
1686,goiabeira,árbol de guayaba,Producción y consumo responsible
1687,farmacogenética,farmacogenética,"Industria, innovación e infraestructuras"
1690,vitaminas,vitaminas,Hambre cero
1691,estufas,invernaderos,Producción y consumo responsable
1692,epidemiolégica,epidemiológico,Salud y bienestar
1693,agroturismo,agroturismo,"Industria, innovación e infraestructuras"
1694,emancipatória,emancipatorio,"Paz, justicia e instituciones solidas"
1695,bioenergéticos,bioenergética,Salud y bienestar
1698,radioiodoterapia,terapia con yodo radiactivo,Salud y bienestar
1700,farmacológicos,farmacológico,Salud y bienestar
1701,cetáceos,cetáceos,Vida submarina
1703,dermatologia,dermatología,Salud y bienestar
1704,eletromiografia,electromiografía,Salud y bienestar
1706,inovagado,innovador,"Industria, innovación e infraestructuras"
1708,robotização,robotización,"Industria, innovación e infraestructuras"
1710,bactericida,bactericida,Salud y bienestar
1711,oncológicas,oncología,Salud y bienestar
1712,eletrostática,electrostático,"Industria, innovación e infraestructuras"
1714,cardiobreath,cardiorespiración,Salud y bienestar
1715,microcontaminantes,microcontaminantes,Ciudades y comunidades sostenibles
1718,dairy,lácteos,Salud y bienestar
1719,inovagdes,innovaciones,"Industria, innovación e infraestructuras"
1722,pelvico,pélvico,Salud y bienestar
